case,rank,tier,dataset,obj_id,name,scene,im,gt_idx,visib,condition,cad,cad_units_m,pose_source,fp_conf,fp_fail,dsym_mm,dsym_norm,f05,place_mm,settle_mm,world,plane_inlier,plane_angle_deg,bottom_gap_mm,n_cand,n_reach,n_blocked,n_att,n_succ,first_succ,succ,lift_cm,att_seq,fail_reason,runtime_s,ts
ycbv14,1,1,ycbv,14,mug,48,1074,2,0.9976,gt,gt,0,fp,72.156,,2.07,0.0166,1.0,12.3,2.2,bop,0.556,1.91,0.0,38,14,0,2,1,0,1,12.8,"F,S",,44.7,2026-09-11T12:11:53
ycbv14,1,1,ycbv,14,mug,48,1074,2,0.9976,proxy,housecat6d/cup-red_heart,1,fp,102.971,,4.5,0.036,0.7768,9.9,2.2,bop,0.556,1.91,0.0,40,22,0,5,1,0,1,14.0,"F,F,F,F,S",,339.2,2026-09-11T12:12:35
ycbv14,1,1,ycbv,14,mug,48,1133,2,0.9979,gt,gt,0,fp,75.656,,2.44,0.0195,1.0,13.3,2.3,bop,0.4,2.0,0.0,38,13,0,4,1,0,1,13.1,"F,F,F,S",,60.3,2026-09-11T12:18:15
ycbv14,1,1,ycbv,14,mug,48,1133,2,0.9979,proxy,housecat6d/cup-red_heart,1,fp,105.762,,4.13,0.033,0.7901,11.2,2.3,bop,0.4,2.0,0.0,40,22,0,5,0,0,0,0.0,"F,F,F,F,F",grasp_failed,44.3,2026-09-11T12:19:15
ycbv14,1,1,ycbv,14,mug,48,1644,2,0.9949,gt,gt,0,fp,80.172,,1.96,0.0157,0.9989,12.0,2.4,bop,0.376,1.59,0.0,38,12,0,4,1,0,1,5.7,"F,F,F,S",,51.4,2026-09-11T12:19:59
ycbv14,1,1,ycbv,14,mug,48,1644,2,0.9949,proxy,housecat6d/cup-red_heart,1,fp,115.266,,4.26,0.0341,0.7889,12.1,2.4,bop,0.376,1.59,0.0,40,22,0,5,1,0,1,14.9,"F,F,F,F,S",,41.8,2026-09-11T12:20:51
ycbv14,1,1,ycbv,14,mug,55,526,4,0.9814,gt,gt,0,fp,85.438,,2.47,0.0198,0.9982,10.9,2.3,bop,0.707,2.4,0.0,38,11,0,2,1,0,1,11.2,"F,S",,14.5,2026-09-11T12:21:34
ycbv14,1,1,ycbv,14,mug,55,526,4,0.9814,proxy,housecat6d/cup-red_heart,1,fp,104.254,,4.15,0.0332,0.7791,12.9,2.3,bop,0.707,2.4,0.0,40,14,0,1,1,1,1,14.8,S,,6.8,2026-09-11T12:21:47
ycbv14,1,1,ycbv,14,mug,55,1044,4,0.9953,gt,gt,0,fp,80.141,,2.16,0.0173,0.9996,10.1,2.4,bop,0.769,2.67,0.0,38,12,0,5,0,0,0,0.0,"F,F,F,F,F",grasp_failed,24.9,2026-09-11T12:21:54
ycbv14,1,1,ycbv,14,mug,55,1044,4,0.9953,proxy,housecat6d/cup-red_heart,1,fp,104.613,,4.7,0.0376,0.7576,11.0,2.4,bop,0.769,2.67,0.0,40,17,0,1,1,1,1,15.1,S,,6.7,2026-09-11T12:22:19
ycbv14,1,1,ycbv,14,mug,55,1563,4,0.9989,gt,gt,0,fp,73.172,,1.87,0.0149,0.9998,8.0,2.5,bop,0.891,2.91,0.0,38,14,0,5,0,0,0,0.0,"F,F,F,F,F",grasp_failed,24.9,2026-09-11T12:22:26
ycbv14,1,1,ycbv,14,mug,55,1563,4,0.9989,proxy,housecat6d/cup-red_heart,1,fp,101.005,,4.07,0.0326,0.7739,9.5,2.5,bop,0.891,2.91,0.0,40,18,0,1,1,1,1,15.0,S,,6.5,2026-09-11T12:22:50
tless30,2,1,tless,30,obj_30,1,127,3,0.9376,gt,gt,0,fp,83.703,,1.0,0.0113,1.0,1.1,0.2,bop,0.999,0.69,0.0,40,15,0,1,1,1,1,6.3,S,,13.7,2026-09-11T12:22:57
tless30,2,1,tless,30,obj_30,1,127,3,0.9376,proxy,gso/BIA_Porcelain_Ramekin_With_Glazed_Rim_35_45_oz_cup,1,fp,115.203,,4.67,0.0526,0.692,6.5,0.2,bop,0.999,0.69,0.0,40,6,0,5,0,0,0,0.0,"F,F,F,F,F",grasp_failed,18.7,2026-09-11T12:23:11
tless30,2,1,tless,30,obj_30,1,230,3,0.9865,gt,gt,0,fp,85.055,,1.3,0.0146,1.0,1.6,0.2,bop,0.949,0.46,0.0,40,22,0,1,1,1,1,5.1,S,,5.8,2026-09-11T12:23:29
tless30,2,1,tless,30,obj_30,1,230,3,0.9865,proxy,gso/BIA_Porcelain_Ramekin_With_Glazed_Rim_35_45_oz_cup,1,fp,112.391,,4.96,0.0559,0.6459,4.8,0.2,bop,0.949,0.46,0.0,40,5,1,4,0,0,0,0.0,"F,F,F,F,B",grasp_failed,3.2,2026-09-11T12:23:35
tless30,2,1,tless,30,obj_30,15,77,5,0.9658,gt,gt,0,fp,72.688,,1.14,0.0128,1.0,1.1,0.7,bop,0.817,0.65,0.0,40,20,0,2,1,0,1,10.0,"F,S",,3.6,2026-09-11T12:23:38
tless30,2,1,tless,30,obj_30,15,77,5,0.9658,proxy,gso/BIA_Porcelain_Ramekin_With_Glazed_Rim_35_45_oz_cup,1,fp,101.598,,4.76,0.0537,0.6906,5.2,0.7,bop,0.817,0.65,0.0,40,6,0,5,0,0,0,0.0,"F,F,F,F,F",grasp_failed,3.3,2026-09-11T12:23:42
tless30,2,1,tless,30,obj_30,15,183,5,0.9857,gt,gt,0,fp,76.797,,2.14,0.0241,0.9965,4.1,0.7,bop,0.821,0.64,0.0,40,20,0,1,1,1,1,8.3,S,,3.5,2026-09-11T12:23:45
tless30,2,1,tless,30,obj_30,15,183,5,0.9857,proxy,gso/BIA_Porcelain_Ramekin_With_Glazed_Rim_35_45_oz_cup,1,fp,98.797,,5.29,0.0596,0.596,3.8,0.7,bop,0.821,0.64,0.0,40,8,0,5,0,0,0,0.0,"F,F,F,F,F",grasp_failed,3.5,2026-09-11T12:23:49
tless30,2,1,tless,30,obj_30,19,150,8,0.9545,gt,gt,0,fp,83.531,,1.19,0.0134,0.9991,1.3,0.5,bop,0.82,0.53,0.0,40,15,0,2,1,0,1,6.1,"F,S",,13.2,2026-09-11T12:23:53
tless30,2,1,tless,30,obj_30,19,150,8,0.9545,proxy,gso/BIA_Porcelain_Ramekin_With_Glazed_Rim_35_45_oz_cup,1,fp,111.805,,4.77,0.0537,0.6933,6.7,0.5,bop,0.82,0.53,0.0,40,5,0,5,0,0,0,0.0,"F,F,F,F,F",grasp_failed,7.3,2026-09-11T12:24:06
tless30,2,1,tless,30,obj_30,19,263,8,0.7824,gt,gt,0,fp,81.688,,1.19,0.0134,1.0,1.6,0.5,bop,0.769,0.39,0.0,40,5,0,5,1,0,1,7.7,"F,F,F,F,S",,15.6,2026-09-11T12:24:13
tless30,2,1,tless,30,obj_30,19,263,8,0.7824,proxy,gso/BIA_Porcelain_Ramekin_With_Glazed_Rim_35_45_oz_cup,1,fp,90.711,,4.75,0.0535,0.6569,4.5,0.5,bop,0.769,0.39,0.0,40,3,0,3,0,0,0,0.0,"F,F,F",grasp_failed,12.0,2026-09-11T12:24:29
tless19,3,1,tless,19,obj_19,8,136,0,0.9908,gt,gt,0,fp,59.094,,1.77,0.0199,0.9999,28.2,22.4,bop,0.975,0.65,0.0,40,10,0,5,0,0,0,0.0,"F,F,F,F,F",grasp_failed,17.1,2026-09-11T12:24:41
tless19,3,1,tless,19,obj_19,8,136,0,0.9908,proxy,itodd/obj_000018,0,fp,126.094,,27.76,0.3117,0.0718,63.7,22.4,bop,0.975,0.65,0.0,14,0,0,0,0,0,0,0.0,,unreachable,2.8,2026-09-11T12:24:58
tless19,3,1,tless,19,obj_19,8,345,0,0.9786,gt,gt,0,fp,60.781,,1.57,0.0176,0.9998,28.4,22.4,bop,0.968,0.42,0.0,40,17,0,5,0,0,0,0.0,"F,F,F,F,F",grasp_failed,5.2,2026-09-11T12:25:01
tless19,3,1,tless,19,obj_19,8,345,0,0.9786,proxy,itodd/obj_000018,0,fp,107.273,,28.25,0.3172,0.0613,64.0,22.4,bop,0.968,0.42,0.0,14,0,0,0,0,0,0,0.0,,unreachable,1.1,2026-09-11T12:25:06
tless19,3,1,tless,19,obj_19,10,185,0,0.9857,gt,gt,0,fp,50.125,,1.86,0.0208,1.0,5.3,5.1,bop,0.966,0.63,0.0,40,12,0,1,1,1,1,5.7,S,,3.1,2026-09-11T12:25:07
tless19,3,1,tless,19,obj_19,10,185,0,0.9857,proxy,itodd/obj_000018,0,fp,133.125,,5.69,0.0638,0.5354,9.3,5.1,bop,0.966,0.63,0.0,14,6,0,1,1,1,1,15.0,S,,1.5,2026-09-11T12:25:10
tless19,3,1,tless,19,obj_19,10,342,0,0.9359,gt,gt,0,fp,55.75,,1.24,0.0139,1.0,8.2,5.1,bop,0.98,0.53,0.0,40,11,1,2,1,0,1,9.3,"F,B,S",,4.6,2026-09-11T12:25:12
tless19,3,1,tless,19,obj_19,10,342,0,0.9359,proxy,itodd/obj_000018,0,fp,135.688,,6.34,0.0712,0.4925,11.6,5.1,bop,0.98,0.53,0.0,14,4,4,0,0,0,0,0.0,"B,B,B,B",all_blocked,16.3,2026-09-11T12:25:16
tless19,3,1,tless,19,obj_19,13,329,0,0.7741,gt,gt,0,fp,68.938,,2.97,0.0333,0.7654,6.1,5.6,bop,0.958,0.67,0.0,40,9,5,4,0,0,0,0.0,"F,F,B,F,F,B,B,B,B",grasp_failed,56.0,2026-09-11T12:25:33
tless19,3,1,tless,19,obj_19,13,329,0,0.7741,proxy,itodd/obj_000018,0,fp,126.547,,6.0,0.0674,0.4962,10.9,5.6,bop,0.958,0.67,0.0,14,7,2,5,0,0,0,0.0,"F,B,F,F,F,B,F",grasp_failed,30.1,2026-09-11T12:26:29
tless19,3,1,tless,19,obj_19,14,290,0,0.92,gt,gt,0,fp,57.25,,1.22,0.0137,1.0,10.8,12.6,bop,0.747,0.24,0.0,40,0,0,0,0,0,0,0.0,,unreachable,1.9,2026-09-11T12:26:59
tless19,3,1,tless,19,obj_19,14,290,0,0.92,proxy,itodd/obj_000018,0,fp,126.688,,5.84,0.0655,0.5769,5.0,12.6,bop,0.747,0.24,0.0,14,12,0,5,0,0,0,0.0,"F,F,F,F,F",grasp_failed,6.3,2026-09-11T12:27:01
ycbv2,4,1,ycbv,2,cracker box,50,1564,0,0.9248,gt,gt,0,fp,66.312,,2.74,0.0102,1.0,7.7,5.7,bop,0.994,0.78,0.0,40,15,1,1,1,1,1,13.9,"B,S",,57.5,2026-09-11T12:27:08
ycbv2,4,1,ycbv,2,cracker box,50,1564,0,0.9248,proxy,gso/Nestle_Carnation_Cinnamon_Coffeecake_Kit_1913OZ,1,fp,78.016,,5.2,0.0193,0.9232,7.5,5.7,bop,0.994,0.78,0.0,40,3,3,0,0,0,0,0.0,"B,B,B",all_blocked,29.6,2026-09-11T12:28:04
ycbv2,4,1,ycbv,2,cracker box,50,1629,0,0.9186,gt,gt,0,fp,65.312,,1.88,0.007,1.0,8.9,5.7,bop,0.99,0.78,0.0,40,3,3,0,0,0,0,0.0,"B,B,B",all_blocked,27.4,2026-09-11T12:28:34
ycbv2,4,1,ycbv,2,cracker box,50,1629,0,0.9186,proxy,gso/Nestle_Carnation_Cinnamon_Coffeecake_Kit_1913OZ,1,fp,82.391,,4.95,0.0184,0.9229,7.5,5.7,bop,0.99,0.78,0.0,40,3,3,0,0,0,0,0.0,"B,B,B",all_blocked,28.5,2026-09-11T12:29:01
ycbv2,4,1,ycbv,2,cracker box,50,1678,0,0.9239,gt,gt,0,fp,64.406,,1.53,0.0057,1.0,9.0,5.7,bop,0.977,0.72,0.0,40,3,3,0,0,0,0,0.0,"B,B,B",all_blocked,30.7,2026-09-11T12:29:30
ycbv2,4,1,ycbv,2,cracker box,50,1678,0,0.9239,proxy,gso/Nestle_Carnation_Cinnamon_Coffeecake_Kit_1913OZ,1,fp,83.5,,5.03,0.0186,0.9194,8.4,5.7,bop,0.977,0.72,0.0,40,20,0,1,1,1,1,14.2,S,,4.4,2026-09-11T12:30:01
ycbv2,4,1,ycbv,2,cracker box,50,1713,0,0.9139,gt,gt,0,fp,62.344,,1.36,0.005,1.0,9.3,5.7,bop,0.974,0.73,0.0,40,4,4,0,0,0,0,0.0,"B,B,B,B",all_blocked,40.5,2026-09-11T12:30:05
ycbv2,4,1,ycbv,2,cracker box,50,1713,0,0.9139,proxy,gso/Nestle_Carnation_Cinnamon_Coffeecake_Kit_1913OZ,1,fp,81.656,,5.03,0.0186,0.9191,9.2,5.7,bop,0.974,0.73,0.0,40,20,0,1,1,1,1,14.3,S,,4.3,2026-09-11T12:30:46
ycbv2,4,1,ycbv,2,cracker box,50,1733,0,0.9162,gt,gt,0,fp,61.156,,2.07,0.0077,1.0,9.8,5.7,bop,0.97,0.64,0.0,40,3,3,0,0,0,0,0.0,"B,B,B",all_blocked,28.5,2026-09-11T12:30:50
ycbv2,4,1,ycbv,2,cracker box,50,1733,0,0.9162,proxy,gso/Nestle_Carnation_Cinnamon_Coffeecake_Kit_1913OZ,1,fp,81.031,,4.87,0.0181,0.9236,8.3,5.7,bop,0.97,0.64,0.0,40,20,0,1,1,1,1,14.3,S,,4.2,2026-09-11T12:31:18
ycbv2,4,1,ycbv,2,cracker box,50,1778,0,0.9057,gt,gt,0,fp,63.656,,2.05,0.0076,1.0,10.0,5.7,bop,0.982,0.91,0.0,40,3,3,0,0,0,0,0.0,"B,B,B",all_blocked,26.0,2026-09-11T12:31:23
ycbv2,4,1,ycbv,2,cracker box,50,1778,0,0.9057,proxy,gso/Nestle_Carnation_Cinnamon_Coffeecake_Kit_1913OZ,1,fp,80.344,,4.92,0.0183,0.9302,9.8,5.7,bop,0.982,0.91,0.0,40,5,5,0,0,0,0,0.0,"B,B,B,B,B",all_blocked,36.1,2026-09-11T12:31:49
ycbv17,5,1,ycbv,17,scissors,51,35,4,0.8354,gt,gt,0,fp,83.312,,1.61,0.0079,1.0,27.9,13.1,bop,0.8,0.82,0.0,40,17,0,5,0,0,0,0.0,"F,F,F,F,F",grasp_failed,15.3,2026-09-11T12:32:25
ycbv17,5,1,ycbv,17,scissors,51,35,4,0.8354,proxy,gso/Diamond_Visions_Scissors_Red,1,fp,99.976,,3.25,0.016,0.966,26.1,13.1,bop,0.8,0.82,0.0,40,8,1,5,0,0,0,0.0,"F,B,F,F,F,F",grasp_failed,14.6,2026-09-11T12:32:40
ycbv17,5,1,ycbv,17,scissors,51,100,4,0.8245,gt,gt,0,fp,82.531,,2.05,0.0101,1.0,29.1,13.0,bop,0.816,0.96,0.0,40,19,0,5,0,0,0,0.0,"F,F,F,F,F",grasp_failed,9.9,2026-09-11T12:32:55
ycbv17,5,1,ycbv,17,scissors,51,100,4,0.8245,proxy,gso/Diamond_Visions_Scissors_Red,1,fp,101.255,,3.64,0.0178,0.9497,26.2,13.0,bop,0.816,0.96,0.0,40,8,1,5,0,0,0,0.0,"F,B,F,F,F,F",grasp_failed,11.2,2026-09-11T12:33:05
ycbv17,5,1,ycbv,17,scissors,51,138,4,0.8164,gt,gt,0,fp,82.266,,2.08,0.0102,1.0,28.2,13.1,bop,0.868,1.06,0.0,40,19,0,5,0,0,0,0.0,"F,F,F,F,F",grasp_failed,10.4,2026-09-11T12:33:16
ycbv17,5,1,ycbv,17,scissors,51,138,4,0.8164,proxy,gso/Diamond_Visions_Scissors_Red,1,fp,103.473,,3.33,0.0163,0.9593,26.2,13.1,bop,0.868,1.06,0.0,40,8,1,5,0,0,0,0.0,"F,B,F,F,F,F",grasp_failed,8.2,2026-09-11T12:33:26
ycbv17,5,1,ycbv,17,scissors,51,407,4,0.7887,gt,gt,0,fp,81.938,,1.51,0.0074,1.0,29.0,13.4,bop,0.888,1.32,0.0,40,16,1,5,0,0,0,0.0,"B,F,F,F,F,F",grasp_failed,9.2,2026-09-11T12:33:34
ycbv17,5,1,ycbv,17,scissors,51,407,4,0.7887,proxy,gso/Diamond_Visions_Scissors_Red,1,fp,103.357,,3.6,0.0176,0.9636,30.2,13.4,bop,0.888,1.32,0.0,40,8,0,5,0,0,0,0.0,"F,F,F,F,F",grasp_failed,7.9,2026-09-11T12:33:44
ycbv17,5,1,ycbv,17,scissors,51,649,4,0.753,gt,gt,0,fp,95.504,,2.28,0.0112,1.0,29.3,13.7,bop,0.956,1.08,0.0,40,14,1,5,0,0,0,0.0,"B,F,F,F,F,F",grasp_failed,5.9,2026-09-11T12:33:51
ycbv17,5,1,ycbv,17,scissors,51,649,4,0.753,proxy,gso/Diamond_Visions_Scissors_Red,1,fp,99.775,,3.19,0.0156,0.9711,25.6,13.7,bop,0.956,1.08,0.0,40,6,0,5,0,0,0,0.0,"F,F,F,F,F",grasp_failed,7.9,2026-09-11T12:33:57
ycbv17,5,1,ycbv,17,scissors,51,672,4,0.7443,gt,gt,0,fp,93.895,,1.95,0.0096,1.0,29.1,13.7,bop,0.96,1.14,0.0,40,13,3,5,0,0,0,0.0,"B,F,F,F,B,F,B,F",grasp_failed,18.6,2026-09-11T12:34:05
ycbv17,5,1,ycbv,17,scissors,51,672,4,0.7443,proxy,gso/Diamond_Visions_Scissors_Red,1,fp,97.035,,3.38,0.0166,0.9634,26.0,13.7,bop,0.96,1.14,0.0,40,5,0,5,0,0,0,0.0,"F,F,F,F,F",grasp_failed,7.6,2026-09-11T12:34:24
tless22,6,1,tless,22,obj_22,8,194,3,0.93,gt,gt,0,fp,83.297,,1.94,0.0211,0.999,3.7,0.4,bop,0.967,0.47,0.0,39,9,0,1,1,1,1,14.5,S,,19.5,2026-09-11T12:34:32
tless22,6,1,tless,22,obj_22,8,194,3,0.93,proxy,itodd/obj_000026,0,fp,140.656,,8.37,0.0908,0.3791,16.1,0.4,bop,0.967,0.47,0.0,18,0,0,0,0,0,0,0.0,,unreachable,2.1,2026-09-11T12:34:51
tless22,6,1,tless,22,obj_22,8,381,3,0.7042,gt,gt,0,fp,75.266,,1.5,0.0162,0.9992,2.7,0.4,bop,0.965,0.44,0.0,39,11,0,1,1,1,1,14.7,S,,3.8,2026-09-11T12:34:53
tless22,6,1,tless,22,obj_22,8,381,3,0.7042,proxy,itodd/obj_000026,0,fp,139.656,,8.17,0.0885,0.3601,7.5,0.4,bop,0.965,0.44,0.0,18,3,0,1,1,1,1,6.3,S,,1.4,2026-09-11T12:34:57
tless22,6,1,tless,22,obj_22,10,103,3,0.9784,gt,gt,0,fp,51.969,,1.36,0.0148,1.0,1.8,0.4,bop,0.984,0.65,0.0,39,10,0,2,1,0,1,14.1,"F,S",,7.5,2026-09-11T12:34:58
tless22,6,1,tless,22,obj_22,10,103,3,0.9784,proxy,itodd/obj_000026,0,fp,135.625,,7.13,0.0773,0.3997,13.6,0.4,bop,0.984,0.65,0.0,18,3,0,3,1,0,1,14.6,"F,F,S",,2.0,2026-09-11T12:35:06
tless22,6,1,tless,22,obj_22,10,325,3,0.9523,gt,gt,0,fp,60.969,,1.57,0.017,1.0,2.9,0.5,bop,0.975,0.43,0.0,39,11,0,2,1,0,1,14.1,"F,S",,7.4,2026-09-11T12:35:08
tless22,6,1,tless,22,obj_22,10,325,3,0.9523,proxy,itodd/obj_000026,0,fp,133.594,,15.46,0.1676,0.1747,34.4,0.5,bop,0.975,0.43,0.0,18,8,5,3,0,0,0,0.0,"B,F,F,F,B,B,B,B",grasp_failed,21.6,2026-09-11T12:35:15
tless22,6,1,tless,22,obj_22,14,114,3,0.9387,gt,gt,0,fp,83.531,,19.15,0.2076,0.1572,41.1,1.9,bop,0.606,0.6,0.0,39,8,2,5,0,0,0,0.0,"F,F,B,B,F,F,F",grasp_failed,128.7,2026-09-11T12:35:37
tless22,6,1,tless,22,obj_22,14,114,3,0.9387,proxy,itodd/obj_000026,0,fp,130.562,,20.49,0.2221,0.1108,38.0,1.9,bop,0.606,0.6,0.0,18,1,0,1,0,0,0,0.0,F,grasp_failed,32.2,2026-09-11T12:37:46
tless22,6,1,tless,22,obj_22,14,346,3,0.9536,gt,gt,0,fp,88.312,,1.51,0.0164,0.978,4.2,1.6,bop,0.67,0.41,0.0,39,12,0,5,0,0,0,0.0,"F,F,F,F,F",grasp_failed,62.4,2026-09-11T12:38:18
tless22,6,1,tless,22,obj_22,14,346,3,0.9536,proxy,itodd/obj_000026,0,fp,139.844,,7.37,0.0798,0.3812,14.0,1.6,bop,0.67,0.41,0.0,18,3,1,2,0,0,0,0.0,"F,B,F",grasp_failed,41.1,2026-09-11T12:39:20
lmo9,7,1,lmo,9,duck,2,64,3,0.9769,gt,gt,0,fp,78.219,,3.19,0.0292,0.8171,9.4,5.0,plane,0.191,,-23.0,40,12,3,3,1,0,1,14.1,"B,B,B,F,F,S",,51.4,2026-09-11T12:40:02
lmo9,7,1,lmo,9,duck,2,64,3,0.9769,proxy,gso/CHICKEN_RACER,1,fp,141.531,,7.46,0.0685,0.4563,11.7,5.0,plane,0.191,,-23.0,40,12,8,4,0,0,0,0.0,"B,B,B,B,F,B,F,B,B,F,F,B",grasp_failed,117.3,2026-09-11T12:40:53
lmo9,7,1,lmo,9,duck,2,480,4,0.7418,gt,gt,0,fp,91.281,,5.25,0.0481,0.6146,13.8,2.9,plane,0.235,,-39.3,40,17,0,1,1,1,1,14.7,S,,1.8,2026-09-11T12:42:50
lmo9,7,1,lmo,9,duck,2,480,4,0.7418,proxy,gso/CHICKEN_RACER,1,fp,136.5,,17.7,0.1623,0.2016,46.8,2.9,plane,0.235,,-39.3,40,19,0,5,0,0,0,0.0,"F,F,F,F,F",grasp_failed,16.6,2026-09-11T12:42:52
lmo9,7,1,lmo,9,duck,2,611,4,0.989,gt,gt,0,fp,84.016,,3.2,0.0294,0.8946,6.2,1.5,plane,0.346,,-25.4,40,14,0,1,1,1,1,15.1,S,,2.0,2026-09-11T12:43:09
lmo9,7,1,lmo,9,duck,2,611,4,0.989,proxy,gso/CHICKEN_RACER,1,fp,143.062,,48.73,0.4471,0.0311,90.6,1.5,plane,0.346,,-25.4,40,13,1,5,0,0,0,0.0,"F,B,F,F,F,F",grasp_failed,37.6,2026-09-11T12:43:11
lmo9,7,1,lmo,9,duck,2,801,4,0.9995,gt,gt,0,fp,82.641,,4.08,0.0375,0.7281,8.2,2.0,plane,0.155,,-27.5,40,12,0,2,1,0,1,14.9,"F,S",,4.0,2026-09-11T12:43:48
lmo9,7,1,lmo,9,duck,2,801,4,0.9995,proxy,gso/CHICKEN_RACER,1,fp,140.031,,7.83,0.0718,0.4499,14.3,2.0,plane,0.155,,-27.5,40,2,0,2,1,0,1,14.9,"F,S",,5.8,2026-09-11T12:43:52
lmo9,7,1,lmo,9,duck,2,871,4,0.9911,gt,gt,0,fp,67.906,,4.13,0.0379,0.7595,7.6,1.9,plane,0.331,,-24.2,40,14,0,1,1,1,1,15.3,S,,1.8,2026-09-11T12:43:58
lmo9,7,1,lmo,9,duck,2,871,4,0.9911,proxy,gso/CHICKEN_RACER,1,fp,136.156,,18.5,0.1697,0.2315,40.7,1.9,plane,0.331,,-24.2,40,23,4,5,1,0,1,14.5,"B,B,B,F,F,F,B,F,S",,25.1,2026-09-11T12:44:00
lmo9,7,1,lmo,9,duck,2,909,4,0.9986,gt,gt,0,fp,60.219,,3.45,0.0316,0.7999,5.5,1.5,plane,0.372,,-26.8,40,11,0,1,1,1,1,15.1,S,,1.6,2026-09-11T12:44:25
lmo9,7,1,lmo,9,duck,2,909,4,0.9986,proxy,gso/CHICKEN_RACER,1,fp,141.719,,11.83,0.1085,0.3286,24.4,1.5,plane,0.372,,-26.8,40,18,0,1,1,1,1,14.9,S,,2.6,2026-09-11T12:44:27
tless10,8,1,tless,10,obj_10,5,364,3,0.953,gt,gt,0,fp,36.75,,1.23,0.0136,1.0,1.4,2.2,bop,0.969,0.32,0.0,40,20,0,1,1,1,1,14.5,S,,60.1,2026-09-11T12:44:29
tless10,8,1,tless,10,obj_10,5,364,3,0.953,proxy,itodd/obj_000018,0,fp,135.406,,9.82,0.1089,0.4598,27.0,2.2,bop,0.969,0.32,0.0,14,0,0,0,0,0,0,0.0,,unreachable,1.1,2026-09-11T12:45:29
tless10,8,1,tless,10,obj_10,5,486,3,0.9425,gt,gt,0,fp,61.375,,1.33,0.0147,1.0,2.6,2.2,bop,0.651,58.41,0.0,40,17,0,1,1,1,1,14.9,S,,11.0,2026-09-11T12:45:30
tless10,8,1,tless,10,obj_10,5,486,3,0.9425,proxy,itodd/obj_000018,0,fp,138.75,,8.77,0.0972,0.4003,21.6,2.2,bop,0.651,58.41,0.0,14,0,0,0,0,0,0,0.0,,unreachable,1.1,2026-09-11T12:45:41
tless10,8,1,tless,10,obj_10,11,374,3,0.9229,gt,gt,0,fp,72.25,,1.59,0.0176,1.0,2.9,0.6,bop,0.968,0.4,0.0,40,22,0,2,1,0,1,14.8,"F,S",,3.7,2026-09-11T12:45:43
tless10,8,1,tless,10,obj_10,11,374,3,0.9229,proxy,itodd/obj_000018,0,fp,134.719,,9.81,0.1087,0.4053,29.2,0.6,bop,0.968,0.4,0.0,14,4,1,2,1,0,1,14.2,"F,B,S",,6.4,2026-09-11T12:45:46
tless10,8,1,tless,10,obj_10,11,452,3,0.6835,gt,gt,0,fp,87.352,,1.36,0.0151,1.0,2.6,0.6,bop,0.56,16.35,0.0,40,11,0,1,1,1,1,7.5,S,,3.7,2026-09-11T12:45:53
tless10,8,1,tless,10,obj_10,11,452,3,0.6835,proxy,itodd/obj_000018,0,fp,122.234,,8.06,0.0894,0.46,17.6,0.6,bop,0.56,16.35,0.0,14,9,0,1,1,1,1,14.7,S,,1.4,2026-09-11T12:45:56
tless10,8,1,tless,10,obj_10,16,345,0,0.9215,gt,gt,0,fp,68.031,,1.25,0.0139,1.0,2.2,0.3,bop,0.717,0.35,0.0,40,15,0,1,1,1,1,10.2,S,,4.1,2026-09-11T12:45:58
tless10,8,1,tless,10,obj_10,16,345,0,0.9215,proxy,itodd/obj_000018,0,fp,124.016,,10.72,0.1188,0.3823,26.3,0.3,bop,0.717,0.35,0.0,14,9,0,5,0,0,0,0.0,"F,F,F,F,F",grasp_failed,8.4,2026-09-11T12:46:02
tless10,8,1,tless,10,obj_10,16,448,0,0.6953,gt,gt,0,fp,100.871,,1.52,0.0169,0.9999,3.5,0.3,bop,0.519,73.92,0.0,40,13,0,2,1,0,1,14.7,"F,S",,5.1,2026-09-11T12:46:10
tless10,8,1,tless,10,obj_10,16,448,0,0.6953,proxy,itodd/obj_000018,0,fp,124.766,,7.46,0.0827,0.4915,19.0,0.3,bop,0.519,73.92,0.0,14,7,0,1,1,1,1,14.8,S,,1.5,2026-09-11T12:46:15
tless28,9,1,tless,28,obj_28,4,215,3,0.9667,gt,gt,0,fp,28.125,,1.46,0.0117,1.0,1.8,0.4,bop,0.98,0.6,0.0,40,1,1,0,0,0,0,0.0,B,all_blocked,15.3,2026-09-11T12:46:17
tless28,9,1,tless,28,obj_28,4,215,3,0.9667,proxy,itodd/obj_000018,0,fp,123.266,,6.53,0.0524,0.6716,15.5,0.4,bop,0.98,0.6,0.0,14,0,0,0,0,0,0,0.0,,unreachable,1.0,2026-09-11T12:46:32
tless28,9,1,tless,28,obj_28,4,338,3,0.6097,gt,gt,0,fp,69.938,,1.4,0.0112,1.0,2.0,0.4,bop,0.971,0.35,0.0,40,0,0,0,0,0,0,0.0,,unreachable,3.1,2026-09-11T12:46:33
tless28,9,1,tless,28,obj_28,4,338,3,0.6097,proxy,itodd/obj_000018,0,fp,114.914,,7.71,0.0618,0.6395,21.1,0.4,bop,0.971,0.35,0.0,14,0,0,0,0,0,0,0.0,,unreachable,1.0,2026-09-11T12:46:36
tless28,9,1,tless,28,obj_28,13,105,7,0.8086,gt,gt,0,fp,34.875,,1.48,0.0119,1.0,5.2,3.9,bop,0.997,0.42,0.0,40,0,0,0,0,0,0,0.0,,unreachable,3.1,2026-09-11T12:46:38
tless28,9,1,tless,28,obj_28,13,105,7,0.8086,proxy,itodd/obj_000018,0,fp,115.367,,6.82,0.0546,0.6476,17.4,3.9,bop,0.997,0.42,0.0,14,0,0,0,0,0,0,0.0,,unreachable,1.1,2026-09-11T12:46:41
tless28,9,1,tless,28,obj_28,13,286,6,0.8943,gt,gt,0,fp,37.656,,1.96,0.0157,1.0,3.6,1.7,bop,0.939,0.5,0.0,40,8,8,0,0,0,0,0.0,"B,B,B,B,B,B,B,B",all_blocked,49.2,2026-09-11T12:46:42
tless28,9,1,tless,28,obj_28,13,286,6,0.8943,proxy,itodd/obj_000018,0,fp,114.188,,6.81,0.0546,0.6592,19.0,1.7,bop,0.939,0.5,0.0,14,0,0,0,0,0,0,0.0,,unreachable,1.4,2026-09-11T12:47:31
tless28,9,1,tless,28,obj_28,15,126,3,0.9702,gt,gt,0,fp,39.469,,1.48,0.0119,1.0,19.8,18.7,bop,0.806,0.57,0.0,40,11,11,0,0,0,0,0.0,"B,B,B,B,B,B,B,B,B,B,B",all_blocked,78.0,2026-09-11T12:47:33
tless28,9,1,tless,28,obj_28,15,126,3,0.9702,proxy,itodd/obj_000018,0,fp,122.125,,6.86,0.0549,0.6624,21.7,18.7,bop,0.806,0.57,0.0,14,4,4,0,0,0,0,0.0,"B,B,B,B",all_blocked,21.9,2026-09-11T12:48:50
tless28,9,1,tless,28,obj_28,15,239,3,0.9633,gt,gt,0,fp,65.469,,1.76,0.0141,1.0,19.6,18.7,bop,0.819,0.55,0.0,40,4,4,0,0,0,0,0.0,"B,B,B,B",all_blocked,28.0,2026-09-11T12:49:12
tless28,9,1,tless,28,obj_28,15,239,3,0.9633,proxy,itodd/obj_000018,0,fp,121.922,,9.39,0.0752,0.535,16.8,18.7,bop,0.819,0.55,0.0,14,0,0,0,0,0,0,0.0,,unreachable,1.2,2026-09-11T12:49:40
tless18,10,1,tless,18,obj_18,3,179,4,0.7289,gt,gt,0,fp,60.656,,0.75,0.0068,1.0,2.0,1.3,bop,0.976,0.67,0.0,17,1,0,1,0,0,0,0.0,F,grasp_failed,17.4,2026-09-11T12:49:42
tless18,10,1,tless,18,obj_18,3,179,4,0.7289,proxy,itodd/obj_000013,0,fp,128.031,,5.33,0.048,0.6066,4.2,1.3,bop,0.976,0.67,0.0,40,1,1,0,0,0,0,0.0,B,all_blocked,6.9,2026-09-11T12:49:59
tless18,10,1,tless,18,obj_18,3,318,4,0.6133,gt,gt,0,fp,87.852,,1.19,0.0108,1.0,2.4,1.3,bop,0.975,0.48,0.0,17,0,0,0,0,0,0,0.0,,unreachable,3.4,2026-09-11T12:50:06
tless18,10,1,tless,18,obj_18,3,318,4,0.6133,proxy,itodd/obj_000013,0,fp,129.266,,7.57,0.0682,0.5282,16.2,1.3,bop,0.975,0.48,0.0,40,1,1,0,0,0,0,0.0,B,all_blocked,1.8,2026-09-11T12:50:09
tless18,10,1,tless,18,obj_18,3,441,4,0.9826,gt,gt,0,fp,56.656,,1.59,0.0143,1.0,3.1,1.3,bop,0.432,1.63,0.0,17,3,1,2,0,0,0,0.0,"F,F,B",grasp_failed,12.8,2026-09-11T12:50:11
tless18,10,1,tless,18,obj_18,3,441,4,0.9826,proxy,itodd/obj_000013,0,fp,133.656,,14.79,0.1332,0.3003,38.3,1.3,bop,0.432,1.63,0.0,40,2,0,1,1,1,1,12.9,S,,2.4,2026-09-11T12:50:24
tless18,10,1,tless,18,obj_18,7,366,7,0.5001,gt,gt,0,fp,92.43,,3.16,0.0284,0.8614,6.1,1.5,bop,0.967,0.35,0.0,17,2,0,1,1,1,1,10.3,S,,4.7,2026-09-11T12:50:26
tless18,10,1,tless,18,obj_18,7,366,7,0.5001,proxy,itodd/obj_000013,0,fp,136.406,,7.95,0.0717,0.4509,12.6,1.5,bop,0.967,0.35,0.0,40,3,0,1,1,1,1,6.3,S,,4.0,2026-09-11T12:50:31
tless18,10,1,tless,18,obj_18,19,225,6,0.9764,gt,gt,0,fp,49.875,,1.13,0.0102,1.0,1.0,0.7,bop,0.805,0.24,0.0,17,3,0,2,1,0,1,14.5,"F,S",,7.0,2026-09-11T12:50:35
tless18,10,1,tless,18,obj_18,19,225,6,0.9764,proxy,itodd/obj_000013,0,fp,132.906,,6.01,0.0542,0.554,8.2,0.7,bop,0.805,0.24,0.0,40,7,0,5,0,0,0,0.0,"F,F,F,F,F",grasp_failed,14.1,2026-09-11T12:50:42
tless18,10,1,tless,18,obj_18,19,356,6,0.9908,gt,gt,0,fp,50.781,,1.71,0.0154,0.9996,3.3,0.7,bop,0.872,0.52,0.0,17,3,1,2,0,0,0,0.0,"F,F,B",grasp_failed,8.0,2026-09-11T12:50:56
tless18,10,1,tless,18,obj_18,19,356,6,0.9908,proxy,itodd/obj_000013,0,fp,137.062,,5.08,0.0458,0.6379,6.1,0.7,bop,0.872,0.52,0.0,40,11,0,5,0,0,0,0.0,"F,F,F,F,F",grasp_failed,21.3,2026-09-11T12:51:04
ycbv14,1,1,ycbv,14,mug,48,1074,2,0.9976,gt_pose,gt,0,sim_true,,,,,,8.5,2.2,bop,0.556,1.91,0.0,38,14,0,4,1,0,1,13.4,"F,F,F,S",,46.5,2026-09-11T12:52:11
ycbv14,1,1,ycbv,14,mug,48,1133,2,0.9979,gt_pose,gt,0,sim_true,,,,,,8.5,2.3,bop,0.4,2.0,0.0,38,13,0,5,0,0,0,0.0,"F,F,F,F,F",grasp_failed,56.1,2026-09-11T12:52:56
ycbv14,1,1,ycbv,14,mug,48,1644,2,0.9949,gt_pose,gt,0,sim_true,,,,,,8.5,2.4,bop,0.376,1.59,0.0,38,12,0,4,1,0,1,12.9,"F,F,F,S",,43.1,2026-09-11T12:53:52
ycbv14,1,1,ycbv,14,mug,55,526,4,0.9814,gt_pose,gt,0,sim_true,,,,,,8.5,2.3,bop,0.707,2.4,0.0,38,12,0,5,0,0,0,0.0,"F,F,F,F,F",grasp_failed,26.7,2026-09-11T12:54:37
ycbv14,1,1,ycbv,14,mug,55,1044,4,0.9953,gt_pose,gt,0,sim_true,,,,,,8.5,2.4,bop,0.769,2.67,0.0,38,12,0,5,0,0,0,0.0,"F,F,F,F,F",grasp_failed,24.2,2026-09-11T12:55:02
ycbv14,1,1,ycbv,14,mug,55,1563,4,0.9989,gt_pose,gt,0,sim_true,,,,,,8.5,2.5,bop,0.891,2.91,0.0,38,12,1,5,0,0,0,0.0,"B,F,F,F,F,F",grasp_failed,28.8,2026-09-11T12:55:26
tless30,2,1,tless,30,obj_30,1,127,3,0.9376,gt_pose,gt,0,sim_true,,,,,,0.0,0.2,bop,0.999,0.69,0.0,40,15,0,2,1,0,1,7.9,"F,S",,1.9,2026-09-11T12:55:55
tless30,2,1,tless,30,obj_30,1,230,3,0.9865,gt_pose,gt,0,sim_true,,,,,,0.0,0.2,bop,0.949,0.46,0.0,40,9,0,1,1,1,1,5.9,S,,0.5,2026-09-11T12:55:57
tless30,2,1,tless,30,obj_30,15,77,5,0.9658,gt_pose,gt,0,sim_true,,,,,,0.0,0.7,bop,0.817,0.65,0.0,40,15,0,1,1,1,1,7.7,S,,0.5,2026-09-11T12:55:57
tless30,2,1,tless,30,obj_30,15,183,5,0.9857,gt_pose,gt,0,sim_true,,,,,,0.0,0.7,bop,0.821,0.64,0.0,40,23,0,2,1,0,1,10.3,"F,S",,0.5,2026-09-11T12:55:58
tless30,2,1,tless,30,obj_30,19,150,8,0.9545,gt_pose,gt,0,sim_true,,,,,,0.0,0.5,bop,0.82,0.53,0.0,40,13,0,1,1,1,1,10.4,S,,1.4,2026-09-11T12:55:58
tless30,2,1,tless,30,obj_30,19,263,8,0.7824,gt_pose,gt,0,sim_true,,,,,,0.0,0.5,bop,0.769,0.39,0.0,40,7,0,5,0,0,0,0.0,"F,F,F,F,F",grasp_failed,11.7,2026-09-11T12:56:00
tless19,3,1,tless,19,obj_19,8,136,0,0.9908,gt_pose,gt,0,sim_true,,,,,,0.0,22.4,bop,0.975,0.65,0.0,40,2,0,2,0,0,0,0.0,"F,F",grasp_failed,19.5,2026-09-11T12:56:11
tless19,3,1,tless,19,obj_19,8,345,0,0.9786,gt_pose,gt,0,sim_true,,,,,,0.0,22.4,bop,0.968,0.42,0.0,40,2,0,2,0,0,0,0.0,"F,F",grasp_failed,19.7,2026-09-11T12:56:31
tless19,3,1,tless,19,obj_19,10,185,0,0.9857,gt_pose,gt,0,sim_true,,,,,,0.0,5.1,bop,0.966,0.63,0.0,40,12,0,3,1,0,1,13.3,"F,F,S",,5.0,2026-09-11T12:56:51
tless19,3,1,tless,19,obj_19,10,342,0,0.9359,gt_pose,gt,0,sim_true,,,,,,0.0,5.1,bop,0.98,0.53,0.0,40,11,1,2,1,0,1,12.0,"B,F,S",,4.9,2026-09-11T12:56:56
tless19,3,1,tless,19,obj_19,13,329,0,0.7741,gt_pose,gt,0,sim_true,,,,,,0.0,5.6,bop,0.958,0.67,0.0,40,1,1,0,0,0,0,0.0,B,all_blocked,4.8,2026-09-11T12:57:01
tless19,3,1,tless,19,obj_19,14,290,0,0.92,gt_pose,gt,0,sim_true,,,,,,0.0,12.6,bop,0.747,0.24,0.0,40,0,0,0,0,0,0,0.0,,unreachable,0.3,2026-09-11T12:57:05
ycbv2,4,1,ycbv,2,cracker box,50,1564,0,0.9248,gt_pose,gt,0,sim_true,,,,,,5.1,5.7,bop,0.994,0.78,0.0,40,2,2,0,0,0,0,0.0,"B,B",all_blocked,18.9,2026-09-11T12:57:07
ycbv2,4,1,ycbv,2,cracker box,50,1629,0,0.9186,gt_pose,gt,0,sim_true,,,,,,5.1,5.7,bop,0.99,0.78,0.0,40,3,3,0,0,0,0,0.0,"B,B,B",all_blocked,25.2,2026-09-11T12:57:25
ycbv2,4,1,ycbv,2,cracker box,50,1678,0,0.9239,gt_pose,gt,0,sim_true,,,,,,5.1,5.7,bop,0.977,0.72,0.0,40,3,3,0,0,0,0,0.0,"B,B,B",all_blocked,22.9,2026-09-11T12:57:50
ycbv2,4,1,ycbv,2,cracker box,50,1713,0,0.9139,gt_pose,gt,0,sim_true,,,,,,5.1,5.7,bop,0.974,0.73,0.0,40,3,3,0,0,0,0,0.0,"B,B,B",all_blocked,22.9,2026-09-11T12:58:13
ycbv2,4,1,ycbv,2,cracker box,50,1733,0,0.9162,gt_pose,gt,0,sim_true,,,,,,5.1,5.7,bop,0.97,0.64,0.0,40,3,3,0,0,0,0,0.0,"B,B,B",all_blocked,23.0,2026-09-11T12:58:36
ycbv2,4,1,ycbv,2,cracker box,50,1778,0,0.9057,gt_pose,gt,0,sim_true,,,,,,5.1,5.7,bop,0.982,0.91,0.0,40,3,3,0,0,0,0,0.0,"B,B,B",all_blocked,21.9,2026-09-11T12:58:59
ycbv17,5,1,ycbv,17,scissors,51,35,4,0.8354,gt_pose,gt,0,sim_true,,,,,,29.3,13.1,bop,0.8,0.82,0.0,40,16,0,5,0,0,0,0.0,"F,F,F,F,F",grasp_failed,12.2,2026-09-11T12:59:21
ycbv17,5,1,ycbv,17,scissors,51,100,4,0.8245,gt_pose,gt,0,sim_true,,,,,,29.3,13.0,bop,0.816,0.96,0.0,40,16,0,5,0,0,0,0.0,"F,F,F,F,F",grasp_failed,11.7,2026-09-11T12:59:33
ycbv17,5,1,ycbv,17,scissors,51,138,4,0.8164,gt_pose,gt,0,sim_true,,,,,,29.3,13.1,bop,0.868,1.06,0.0,40,16,2,5,0,0,0,0.0,"B,F,F,B,F,F,F",grasp_failed,12.9,2026-09-11T12:59:44
ycbv17,5,1,ycbv,17,scissors,51,407,4,0.7887,gt_pose,gt,0,sim_true,,,,,,29.3,13.4,bop,0.888,1.32,0.0,40,11,7,4,0,0,0,0.0,"B,F,F,B,F,B,B,B,F,B,B",grasp_failed,22.1,2026-09-11T12:59:57
ycbv17,5,1,ycbv,17,scissors,51,649,4,0.753,gt_pose,gt,0,sim_true,,,,,,29.3,13.7,bop,0.956,1.08,0.0,40,10,6,4,0,0,0,0.0,"B,F,F,B,F,B,B,F,B,B",grasp_failed,13.7,2026-09-11T13:00:19
ycbv17,5,1,ycbv,17,scissors,51,672,4,0.7443,gt_pose,gt,0,sim_true,,,,,,29.3,13.7,bop,0.96,1.14,0.0,40,10,6,4,0,0,0,0.0,"B,F,F,B,F,B,B,F,B,B",grasp_failed,14.0,2026-09-11T13:00:33
tless22,6,1,tless,22,obj_22,8,194,3,0.93,gt_pose,gt,0,sim_true,,,,,,0.0,0.4,bop,0.967,0.47,0.0,39,9,0,1,1,1,1,14.5,S,,0.5,2026-09-11T13:00:47
tless22,6,1,tless,22,obj_22,8,381,3,0.7042,gt_pose,gt,0,sim_true,,,,,,0.0,0.4,bop,0.965,0.44,0.0,39,10,0,1,1,1,1,14.8,S,,0.8,2026-09-11T13:00:48
tless22,6,1,tless,22,obj_22,10,103,3,0.9784,gt_pose,gt,0,sim_true,,,,,,0.0,0.4,bop,0.984,0.65,0.0,39,11,0,2,1,0,1,14.1,"F,S",,4.3,2026-09-11T13:00:48
tless22,6,1,tless,22,obj_22,10,325,3,0.9523,gt_pose,gt,0,sim_true,,,,,,0.0,0.5,bop,0.975,0.43,0.0,39,11,0,2,1,0,1,14.1,"F,S",,4.6,2026-09-11T13:00:53
tless22,6,1,tless,22,obj_22,14,114,3,0.9387,gt_pose,gt,0,sim_true,,,,,,0.0,1.9,bop,0.606,0.6,0.0,39,13,0,5,0,0,0,0.0,"F,F,F,F,F",grasp_failed,43.6,2026-09-11T13:00:57
tless22,6,1,tless,22,obj_22,14,346,3,0.9536,gt_pose,gt,0,sim_true,,,,,,0.0,1.6,bop,0.67,0.41,0.0,39,13,0,5,0,0,0,0.0,"F,F,F,F,F",grasp_failed,51.6,2026-09-11T13:01:41
lmo9,7,1,lmo,9,duck,2,64,3,0.9769,gt_pose,gt,0,sim_true,,,,,,0.0,5.0,plane,0.191,,-23.0,40,12,3,5,0,0,0,0.0,"B,B,B,F,F,F,F,F",grasp_failed,50.1,2026-09-11T13:02:33
lmo9,7,1,lmo,9,duck,2,480,4,0.7418,gt_pose,gt,0,sim_true,,,,,,0.0,2.9,plane,0.235,,-39.3,40,19,0,1,1,1,1,14.8,S,,0.6,2026-09-11T13:03:23
lmo9,7,1,lmo,9,duck,2,611,4,0.989,gt_pose,gt,0,sim_true,,,,,,0.0,1.5,plane,0.346,,-25.4,40,14,0,1,1,1,1,15.0,S,,0.9,2026-09-11T13:03:23
lmo9,7,1,lmo,9,duck,2,801,4,0.9995,gt_pose,gt,0,sim_true,,,,,,0.0,2.0,plane,0.155,,-27.5,40,9,0,1,1,1,1,14.9,S,,3.2,2026-09-11T13:03:24
lmo9,7,1,lmo,9,duck,2,871,4,0.9911,gt_pose,gt,0,sim_true,,,,,,0.0,1.9,plane,0.331,,-24.2,40,13,0,1,1,1,1,15.1,S,,0.5,2026-09-11T13:03:27
lmo9,7,1,lmo,9,duck,2,909,4,0.9986,gt_pose,gt,0,sim_true,,,,,,0.0,1.5,plane,0.372,,-26.8,40,12,0,1,1,1,1,15.0,S,,0.5,2026-09-11T13:03:28
tless10,8,1,tless,10,obj_10,5,364,3,0.953,gt_pose,gt,0,sim_true,,,,,,0.0,2.2,bop,0.969,0.32,0.0,40,23,0,1,1,1,1,7.5,S,,19.5,2026-09-11T13:03:29
tless10,8,1,tless,10,obj_10,5,486,3,0.9425,gt_pose,gt,0,sim_true,,,,,,0.0,2.2,bop,0.651,58.41,0.0,40,17,1,1,1,1,1,13.8,"B,S",,5.9,2026-09-11T13:03:48
tless10,8,1,tless,10,obj_10,11,374,3,0.9229,gt_pose,gt,0,sim_true,,,,,,0.0,0.6,bop,0.968,0.4,0.0,40,21,0,1,1,1,1,14.8,S,,0.6,2026-09-11T13:03:54
tless10,8,1,tless,10,obj_10,11,452,3,0.6835,gt_pose,gt,0,sim_true,,,,,,0.0,0.6,bop,0.56,16.35,0.0,40,11,0,1,1,1,1,6.6,S,,0.5,2026-09-11T13:03:54
tless10,8,1,tless,10,obj_10,16,345,0,0.9215,gt_pose,gt,0,sim_true,,,,,,0.0,0.3,bop,0.717,0.35,0.0,40,15,0,1,1,1,1,9.4,S,,0.7,2026-09-11T13:03:55
tless10,8,1,tless,10,obj_10,16,448,0,0.6953,gt_pose,gt,0,sim_true,,,,,,0.0,0.3,bop,0.519,73.92,0.0,40,16,0,2,1,0,1,14.6,"F,S",,2.0,2026-09-11T13:03:56
tless28,9,1,tless,28,obj_28,4,215,3,0.9667,gt_pose,gt,0,sim_true,,,,,,0.0,0.4,bop,0.98,0.6,0.0,40,1,1,0,0,0,0,0.0,B,all_blocked,5.3,2026-09-11T13:03:58
tless28,9,1,tless,28,obj_28,4,338,3,0.6097,gt_pose,gt,0,sim_true,,,,,,0.0,0.4,bop,0.971,0.35,0.0,40,0,0,0,0,0,0,0.0,,unreachable,0.2,2026-09-11T13:04:03
tless28,9,1,tless,28,obj_28,13,105,7,0.8086,gt_pose,gt,0,sim_true,,,,,,0.0,3.9,bop,0.997,0.42,0.0,40,0,0,0,0,0,0,0.0,,unreachable,0.4,2026-09-11T13:04:03
tless28,9,1,tless,28,obj_28,13,286,6,0.8943,gt_pose,gt,0,sim_true,,,,,,0.0,1.7,bop,0.939,0.5,0.0,40,5,5,0,0,0,0,0.0,"B,B,B,B,B",all_blocked,28.5,2026-09-11T13:04:04
tless28,9,1,tless,28,obj_28,15,126,3,0.9702,gt_pose,gt,0,sim_true,,,,,,0.0,18.7,bop,0.806,0.57,0.0,40,20,20,0,0,0,0,0.0,"B,B,B,B,B,B,B,B,B,B,B,B,B,B,B,B,B,B,B,B",all_blocked,187.5,2026-09-11T13:04:32
tless28,9,1,tless,28,obj_28,15,239,3,0.9633,gt_pose,gt,0,sim_true,,,,,,0.0,18.7,bop,0.819,0.55,0.0,40,4,4,0,0,0,0,0.0,"B,B,B,B",all_blocked,38.0,2026-09-11T13:07:40
tless18,10,1,tless,18,obj_18,3,179,4,0.7289,gt_pose,gt,0,sim_true,,,,,,0.0,1.3,bop,0.976,0.67,0.0,17,1,0,1,0,0,0,0.0,F,grasp_failed,1.1,2026-09-11T13:08:18
tless18,10,1,tless,18,obj_18,3,318,4,0.6133,gt_pose,gt,0,sim_true,,,,,,0.0,1.3,bop,0.975,0.48,0.0,17,0,0,0,0,0,0,0.0,,unreachable,0.3,2026-09-11T13:08:19
tless18,10,1,tless,18,obj_18,3,441,4,0.9826,gt_pose,gt,0,sim_true,,,,,,0.0,1.3,bop,0.432,1.63,0.0,17,3,1,2,0,0,0,0.0,"F,F,B",grasp_failed,1.4,2026-09-11T13:08:19
tless18,10,1,tless,18,obj_18,7,366,7,0.5001,gt_pose,gt,0,sim_true,,,,,,0.0,1.5,bop,0.967,0.35,0.0,17,3,0,3,0,0,0,0.0,"F,F,F",grasp_failed,2.4,2026-09-11T13:08:21
tless18,10,1,tless,18,obj_18,19,225,6,0.9764,gt_pose,gt,0,sim_true,,,,,,0.0,0.7,bop,0.805,0.24,0.0,17,3,1,2,0,0,0,0.0,"F,F,B",grasp_failed,4.7,2026-09-11T13:08:23
tless18,10,1,tless,18,obj_18,19,356,6,0.9908,gt_pose,gt,0,sim_true,,,,,,0.0,0.7,bop,0.872,0.52,0.0,17,2,0,2,0,0,0,0.0,"F,F",grasp_failed,2.5,2026-09-11T13:08:28
